title,text,subject,date,label
Researchers publish findings on technology in a peer-reviewed study,"Researchers publish findings on technology in a peer-reviewed study. The information was discussed using publicly available reports and statements. Officials and researchers said that the findings should be interpreted in context and that additional information may be published as the situation develops. The report focuses on evidence, recent observations, and the background surrounding technology.",technology,2025-02-02,1
University study examines the impact of science on communities,"University study examines the impact of science on communities. The information was discussed using publicly available reports and statements. Officials and researchers said that the findings should be interpreted in context and that additional information may be published as the situation develops. The report focuses on evidence, recent observations, and the background surrounding science.",science,2025-03-03,1
"New data shows changes in politics, according to researchers","New data shows changes in politics, according to researchers. The information was discussed using publicly available reports and statements. Officials and researchers said that the findings should be interpreted in context and that additional information may be published as the situation develops. The report focuses on evidence, recent observations, and the background surrounding politics.",politics,2025-04-04,1
Researchers publish findings on international in a peer-reviewed study,"Researchers publish findings on international in a peer-reviewed study. The information was discussed using publicly available reports and statements. Officials and researchers said that the findings should be interpreted in context and that additional information may be published as the situation develops. The report focuses on evidence, recent observations, and the background surrounding international.",international,2025-05-05,1
Researchers publish findings on social media in a peer-reviewed study,"Researchers publish findings on social media in a peer-reviewed study. The information was discussed using publicly available reports and statements. Officials and researchers said that the findings should be interpreted in context and that additional information may be published as the situation develops. The report focuses on evidence, recent observations, and the background surrounding social media.",social media,2025-06-06,1
Experts discuss recent developments in technology during a public briefing,"Experts discuss recent developments in technology during a public briefing. The information was discussed using publicly available reports and statements. Officials and researchers said that the findings should be interpreted in context and that additional information may be published as the situation develops. The report focuses on evidence, recent observations, and the background surrounding technology.",technology,2025-07-07,1
Government agency releases new report on health after reviewing available evidence,"Government agency releases new report on health after reviewing available evidence. The information was discussed using publicly available reports and statements. Officials and researchers said that the findings should be interpreted in context and that additional information may be published as the situation develops. The report focuses on evidence, recent observations, and the background surrounding health.",health,2025-08-08,1
"New data shows changes in science, according to researchers","New data shows changes in science, according to researchers. The information was discussed using publicly available reports and statements. Officials and researchers said that the findings should be interpreted in context and that additional information may be published as the situation develops. The report focuses on evidence, recent observations, and the background surrounding science.",science,2025-09-09,1
Scientists report additional evidence about social media following a new study,"Scientists report additional evidence about social media following a new study. The information was discussed using publicly available reports and statements. Officials and researchers said that the findings should be interpreted in context and that additional information may be published as the situation develops. The report focuses on evidence, recent observations, and the background surrounding social media.",social media,2025-10-10,1
Government agency releases new report on international after reviewing available evidence,"Government agency releases new report on international after reviewing available evidence. The information was discussed using publicly available reports and statements. Officials and researchers said that the findings should be interpreted in context and that additional information may be published as the situation develops. The report focuses on evidence, recent observations, and the background surrounding international.",international,2025-11-11,1
"New data shows changes in international, according to researchers","New data shows changes in international, according to researchers. The information was discussed using publicly available reports and statements. Officials and researchers said that the findings should be interpreted in context and that additional information may be published as the situation develops. The report focuses on evidence, recent observations, and the background surrounding international.",international,2025-12-12,1
Experts discuss recent developments in science during a public briefing,"Experts discuss recent developments in science during a public briefing. The information was discussed using publicly available reports and statements. Officials and researchers said that the findings should be interpreted in context and that additional information may be published as the situation develops. The report focuses on evidence, recent observations, and the background surrounding science.",science,2025-01-13,1
New policy related to social media receives formal approval from authorities,"New policy related to social media receives formal approval from authorities. The information was discussed using publicly available reports and statements. Officials and researchers said that the findings should be interpreted in context and that additional information may be published as the situation develops. The report focuses on evidence, recent observations, and the background surrounding social media.",social media,2025-02-14,1
University study examines the impact of technology on communities,"University study examines the impact of technology on communities. The information was discussed using publicly available reports and statements. Officials and researchers said that the findings should be interpreted in context and that additional information may be published as the situation develops. The report focuses on evidence, recent observations, and the background surrounding technology.",technology,2025-03-15,1
Officials announce updated measures related to environment,"Officials announce updated measures related to environment. The information was discussed using publicly available reports and statements. Officials and researchers said that the findings should be interpreted in context and that additional information may be published as the situation develops. The report focuses on evidence, recent observations, and the background surrounding environment.",environment,2025-04-16,1
International organization publishes its latest assessment of business,"International organization publishes its latest assessment of business. The information was discussed using publicly available reports and statements. Officials and researchers said that the findings should be interpreted in context and that additional information may be published as the situation develops. The report focuses on evidence, recent observations, and the background surrounding business.",business,2025-05-17,1
Officials announce updated measures related to science,"Officials announce updated measures related to science. The information was discussed using publicly available reports and statements. Officials and researchers said that the findings should be interpreted in context and that additional information may be published as the situation develops. The report focuses on evidence, recent observations, and the background surrounding science.",science,2025-06-18,1
International organization publishes its latest assessment of health,"International organization publishes its latest assessment of health. The information was discussed using publicly available reports and statements. Officials and researchers said that the findings should be interpreted in context and that additional information may be published as the situation develops. The report focuses on evidence, recent observations, and the background surrounding health.",health,2025-07-19,1
Researchers publish findings on environment in a peer-reviewed study,"Researchers publish findings on environment in a peer-reviewed study. The information was discussed using publicly available reports and statements. Officials and researchers said that the findings should be interpreted in context and that additional information may be published as the situation develops. The report focuses on evidence, recent observations, and the background surrounding environment.",environment,2025-08-20,1
Researchers publish findings on education in a peer-reviewed study,"Researchers publish findings on education in a peer-reviewed study. The information was discussed using publicly available reports and statements. Officials and researchers said that the findings should be interpreted in context and that additional information may be published as the situation develops. The report focuses on evidence, recent observations, and the background surrounding education.",education,2025-09-21,1
International organization publishes its latest assessment of social media,"International organization publishes its latest assessment of social media. The information was discussed using publicly available reports and statements. Officials and researchers said that the findings should be interpreted in context and that additional information may be published as the situation develops. The report focuses on evidence, recent observations, and the background surrounding social media.",social media,2025-10-22,1
New policy related to international receives formal approval from authorities,"New policy related to international receives formal approval from authorities. The information was discussed using publicly available reports and statements. Officials and researchers said that the findings should be interpreted in context and that additional information may be published as the situation develops. The report focuses on evidence, recent observations, and the background surrounding international.",international,2025-12-24,1
University study examines the impact of social media on communities,"University study examines the impact of social media on communities. The information was discussed using publicly available reports and statements. Officials and researchers said that the findings should be interpreted in context and that additional information may be published as the situation develops. The report focuses on evidence, recent observations, and the background surrounding social media.",social media,2025-03-27,1
"New data shows changes in health, according to researchers","New data shows changes in health, according to researchers. The information was discussed using publicly available reports and statements. Officials and researchers said that the findings should be interpreted in context and that additional information may be published as the situation develops. The report focuses on evidence, recent observations, and the background surrounding health.",health,2025-05-01,1
Government agency releases new report on science after reviewing available evidence,"Government agency releases new report on science after reviewing available evidence. The information was discussed using publicly available reports and statements. Officials and researchers said that the findings should be interpreted in context and that additional information may be published as the situation develops. The report focuses on evidence, recent observations, and the background surrounding science.",science,2025-06-02,1
University study examines the impact of health on communities,"University study examines the impact of health on communities. The information was discussed using publicly available reports and statements. Officials and researchers said that the findings should be interpreted in context and that additional information may be published as the situation develops. The report focuses on evidence, recent observations, and the background surrounding health.",health,2025-07-03,1
Experts discuss recent developments in business during a public briefing,"Experts discuss recent developments in business during a public briefing. The information was discussed using publicly available reports and statements. Officials and researchers said that the findings should be interpreted in context and that additional information may be published as the situation develops. The report focuses on evidence, recent observations, and the background surrounding business.",business,2025-09-05,1
New policy related to education receives formal approval from authorities,"New policy related to education receives formal approval from authorities. The information was discussed using publicly available reports and statements. Officials and researchers said that the findings should be interpreted in context and that additional information may be published as the situation develops. The report focuses on evidence, recent observations, and the background surrounding education.",education,2025-10-06,1
Officials announce updated measures related to education,"Officials announce updated measures related to education. The information was discussed using publicly available reports and statements. Officials and researchers said that the findings should be interpreted in context and that additional information may be published as the situation develops. The report focuses on evidence, recent observations, and the background surrounding education.",education,2025-11-07,1
International organization publishes its latest assessment of science,"International organization publishes its latest assessment of science. The information was discussed using publicly available reports and statements. Officials and researchers said that the findings should be interpreted in context and that additional information may be published as the situation develops. The report focuses on evidence, recent observations, and the background surrounding science.",science,2025-12-08,1
Public records provide updated information about politics,"Public records provide updated information about politics. The information was discussed using publicly available reports and statements. Officials and researchers said that the findings should be interpreted in context and that additional information may be published as the situation develops. The report focuses on evidence, recent observations, and the background surrounding politics.",politics,2025-02-10,1
Scientists report additional evidence about science following a new study,"Scientists report additional evidence about science following a new study. The information was discussed using publicly available reports and statements. Officials and researchers said that the findings should be interpreted in context and that additional information may be published as the situation develops. The report focuses on evidence, recent observations, and the background surrounding science.",science,2025-03-11,1
Officials announce updated measures related to sports,"Officials announce updated measures related to sports. The information was discussed using publicly available reports and statements. Officials and researchers said that the findings should be interpreted in context and that additional information may be published as the situation develops. The report focuses on evidence, recent observations, and the background surrounding sports.",sports,2025-04-12,1
International organization publishes its latest assessment of technology,"International organization publishes its latest assessment of technology. The information was discussed using publicly available reports and statements. Officials and researchers said that the findings should be interpreted in context and that additional information may be published as the situation develops. The report focuses on evidence, recent observations, and the background surrounding technology.",technology,2025-07-15,1
"New data shows changes in technology, according to researchers","New data shows changes in technology, according to researchers. The information was discussed using publicly available reports and statements. Officials and researchers said that the findings should be interpreted in context and that additional information may be published as the situation develops. The report focuses on evidence, recent observations, and the background surrounding technology.",technology,2025-08-16,1
International organization publishes its latest assessment of environment,"International organization publishes its latest assessment of environment. The information was discussed using publicly available reports and statements. Officials and researchers said that the findings should be interpreted in context and that additional information may be published as the situation develops. The report focuses on evidence, recent observations, and the background surrounding environment.",environment,2025-09-17,1
"New data shows changes in social media, according to researchers","New data shows changes in social media, according to researchers. The information was discussed using publicly available reports and statements. Officials and researchers said that the findings should be interpreted in context and that additional information may be published as the situation develops. The report focuses on evidence, recent observations, and the background surrounding social media.",social media,2025-11-19,1
New policy related to environment receives formal approval from authorities,"New policy related to environment receives formal approval from authorities. The information was discussed using publicly available reports and statements. Officials and researchers said that the findings should be interpreted in context and that additional information may be published as the situation develops. The report focuses on evidence, recent observations, and the background surrounding environment.",environment,2025-01-21,1
New policy related to politics receives formal approval from authorities,"New policy related to politics receives formal approval from authorities. The information was discussed using publicly available reports and statements. Officials and researchers said that the findings should be interpreted in context and that additional information may be published as the situation develops. The report focuses on evidence, recent observations, and the background surrounding politics.",politics,2025-02-22,1
University study examines the impact of politics on communities,"University study examines the impact of politics on communities. The information was discussed using publicly available reports and statements. Officials and researchers said that the findings should be interpreted in context and that additional information may be published as the situation develops. The report focuses on evidence, recent observations, and the background surrounding politics.",politics,2025-03-23,1
Scientists report additional evidence about business following a new study,"Scientists report additional evidence about business following a new study. The information was discussed using publicly available reports and statements. Officials and researchers said that the findings should be interpreted in context and that additional information may be published as the situation develops. The report focuses on evidence, recent observations, and the background surrounding business.",business,2025-05-25,1
Public records provide updated information about environment,"Public records provide updated information about environment. The information was discussed using publicly available reports and statements. Officials and researchers said that the findings should be interpreted in context and that additional information may be published as the situation develops. The report focuses on evidence, recent observations, and the background surrounding environment.",environment,2025-06-26,1
Officials announce updated measures related to international,"Officials announce updated measures related to international. The information was discussed using publicly available reports and statements. Officials and researchers said that the findings should be interpreted in context and that additional information may be published as the situation develops. The report focuses on evidence, recent observations, and the background surrounding international.",international,2025-09-01,1
New policy related to health receives formal approval from authorities,"New policy related to health receives formal approval from authorities. The information was discussed using publicly available reports and statements. Officials and researchers said that the findings should be interpreted in context and that additional information may be published as the situation develops. The report focuses on evidence, recent observations, and the background surrounding health.",health,2025-10-02,1
Officials announce updated measures related to politics,"Officials announce updated measures related to politics. The information was discussed using publicly available reports and statements. Officials and researchers said that the findings should be interpreted in context and that additional information may be published as the situation develops. The report focuses on evidence, recent observations, and the background surrounding politics.",politics,2025-12-04,1
Experts discuss recent developments in social media during a public briefing,"Experts discuss recent developments in social media during a public briefing. The information was discussed using publicly available reports and statements. Officials and researchers said that the findings should be interpreted in context and that additional information may be published as the situation develops. The report focuses on evidence, recent observations, and the background surrounding social media.",social media,2025-01-05,1
University study examines the impact of international on communities,"University study examines the impact of international on communities. The information was discussed using publicly available reports and statements. Officials and researchers said that the findings should be interpreted in context and that additional information may be published as the situation develops. The report focuses on evidence, recent observations, and the background surrounding international.",international,2025-05-09,1
University study examines the impact of environment on communities,"University study examines the impact of environment on communities. The information was discussed using publicly available reports and statements. Officials and researchers said that the findings should be interpreted in context and that additional information may be published as the situation develops. The report focuses on evidence, recent observations, and the background surrounding environment.",environment,2025-09-13,1
Government agency releases new report on business after reviewing available evidence,"Government agency releases new report on business after reviewing available evidence. The information was discussed using publicly available reports and statements. Officials and researchers said that the findings should be interpreted in context and that additional information may be published as the situation develops. The report focuses on evidence, recent observations, and the background surrounding business.",business,2025-11-15,1
Scientists report additional evidence about politics following a new study,"Scientists report additional evidence about politics following a new study. The information was discussed using publicly available reports and statements. Officials and researchers said that the findings should be interpreted in context and that additional information may be published as the situation develops. The report focuses on evidence, recent observations, and the background surrounding politics.",politics,2025-12-16,1
Scientists report additional evidence about health following a new study,"Scientists report additional evidence about health following a new study. The information was discussed using publicly available reports and statements. Officials and researchers said that the findings should be interpreted in context and that additional information may be published as the situation develops. The report focuses on evidence, recent observations, and the background surrounding health.",health,2025-01-17,1
Public records provide updated information about science,"Public records provide updated information about science. The information was discussed using publicly available reports and statements. Officials and researchers said that the findings should be interpreted in context and that additional information may be published as the situation develops. The report focuses on evidence, recent observations, and the background surrounding science.",science,2025-03-19,1
Scientists report additional evidence about technology following a new study,"Scientists report additional evidence about technology following a new study. The information was discussed using publicly available reports and statements. Officials and researchers said that the findings should be interpreted in context and that additional information may be published as the situation develops. The report focuses on evidence, recent observations, and the background surrounding technology.",technology,2025-06-22,1
Public records provide updated information about education,"Public records provide updated information about education. The information was discussed using publicly available reports and statements. Officials and researchers said that the findings should be interpreted in context and that additional information may be published as the situation develops. The report focuses on evidence, recent observations, and the background surrounding education.",education,2025-07-23,1
New policy related to technology receives formal approval from authorities,"New policy related to technology receives formal approval from authorities. The information was discussed using publicly available reports and statements. Officials and researchers said that the findings should be interpreted in context and that additional information may be published as the situation develops. The report focuses on evidence, recent observations, and the background surrounding technology.",technology,2025-08-24,1
Public records provide updated information about health,"Public records provide updated information about health. The information was discussed using publicly available reports and statements. Officials and researchers said that the findings should be interpreted in context and that additional information may be published as the situation develops. The report focuses on evidence, recent observations, and the background surrounding health.",health,2025-12-28,1
Researchers publish findings on sports in a peer-reviewed study,"Researchers publish findings on sports in a peer-reviewed study. The information was discussed using publicly available reports and statements. Officials and researchers said that the findings should be interpreted in context and that additional information may be published as the situation develops. The report focuses on evidence, recent observations, and the background surrounding sports.",sports,2025-01-01,1
Officials announce updated measures related to business,"Officials announce updated measures related to business. The information was discussed using publicly available reports and statements. Officials and researchers said that the findings should be interpreted in context and that additional information may be published as the situation develops. The report focuses on evidence, recent observations, and the background surrounding business.",business,2025-05-05,1
International organization publishes its latest assessment of sports,"International organization publishes its latest assessment of sports. The information was discussed using publicly available reports and statements. Officials and researchers said that the findings should be interpreted in context and that additional information may be published as the situation develops. The report focuses on evidence, recent observations, and the background surrounding sports.",sports,2025-10-10,1
Scientists report additional evidence about sports following a new study,"Scientists report additional evidence about sports following a new study. The information was discussed using publicly available reports and statements. Officials and researchers said that the findings should be interpreted in context and that additional information may be published as the situation develops. The report focuses on evidence, recent observations, and the background surrounding sports.",sports,2025-11-11,1
Researchers publish findings on science in a peer-reviewed study,"Researchers publish findings on science in a peer-reviewed study. The information was discussed using publicly available reports and statements. Officials and researchers said that the findings should be interpreted in context and that additional information may be published as the situation develops. The report focuses on evidence, recent observations, and the background surrounding science.",science,2025-12-12,1
Public records provide updated information about international,"Public records provide updated information about international. The information was discussed using publicly available reports and statements. Officials and researchers said that the findings should be interpreted in context and that additional information may be published as the situation develops. The report focuses on evidence, recent observations, and the background surrounding international.",international,2025-03-15,1
Government agency releases new report on education after reviewing available evidence,"Government agency releases new report on education after reviewing available evidence. The information was discussed using publicly available reports and statements. Officials and researchers said that the findings should be interpreted in context and that additional information may be published as the situation develops. The report focuses on evidence, recent observations, and the background surrounding education.",education,2025-08-20,1
"New data shows changes in business, according to researchers","New data shows changes in business, according to researchers. The information was discussed using publicly available reports and statements. Officials and researchers said that the findings should be interpreted in context and that additional information may be published as the situation develops. The report focuses on evidence, recent observations, and the background surrounding business.",business,2025-10-22,1
New policy related to science receives formal approval from authorities,"New policy related to science receives formal approval from authorities. The information was discussed using publicly available reports and statements. Officials and researchers said that the findings should be interpreted in context and that additional information may be published as the situation develops. The report focuses on evidence, recent observations, and the background surrounding science.",science,2025-11-23,1
Public records provide updated information about social media,"Public records provide updated information about social media. The information was discussed using publicly available reports and statements. Officials and researchers said that the findings should be interpreted in context and that additional information may be published as the situation develops. The report focuses on evidence, recent observations, and the background surrounding social media.",social media,2025-01-25,1
Experts discuss recent developments in sports during a public briefing,"Experts discuss recent developments in sports during a public briefing. The information was discussed using publicly available reports and statements. Officials and researchers said that the findings should be interpreted in context and that additional information may be published as the situation develops. The report focuses on evidence, recent observations, and the background surrounding sports.",sports,2025-07-03,1
Government agency releases new report on environment after reviewing available evidence,"Government agency releases new report on environment after reviewing available evidence. The information was discussed using publicly available reports and statements. Officials and researchers said that the findings should be interpreted in context and that additional information may be published as the situation develops. The report focuses on evidence, recent observations, and the background surrounding environment.",environment,2025-09-05,1
Experts discuss recent developments in politics during a public briefing,"Experts discuss recent developments in politics during a public briefing. The information was discussed using publicly available reports and statements. Officials and researchers said that the findings should be interpreted in context and that additional information may be published as the situation develops. The report focuses on evidence, recent observations, and the background surrounding politics.",politics,2025-02-10,1
University study examines the impact of sports on communities,"University study examines the impact of sports on communities. The information was discussed using publicly available reports and statements. Officials and researchers said that the findings should be interpreted in context and that additional information may be published as the situation develops. The report focuses on evidence, recent observations, and the background surrounding sports.",sports,2025-03-11,1
New policy related to sports receives formal approval from authorities,"New policy related to sports receives formal approval from authorities. The information was discussed using publicly available reports and statements. Officials and researchers said that the findings should be interpreted in context and that additional information may be published as the situation develops. The report focuses on evidence, recent observations, and the background surrounding sports.",sports,2025-10-18,1
"New data shows changes in environment, according to researchers","New data shows changes in environment, according to researchers. The information was discussed using publicly available reports and statements. Officials and researchers said that the findings should be interpreted in context and that additional information may be published as the situation develops. The report focuses on evidence, recent observations, and the background surrounding environment.",environment,2025-11-19,1
Government agency releases new report on politics after reviewing available evidence,"Government agency releases new report on politics after reviewing available evidence. The information was discussed using publicly available reports and statements. Officials and researchers said that the findings should be interpreted in context and that additional information may be published as the situation develops. The report focuses on evidence, recent observations, and the background surrounding politics.",politics,2025-12-20,1
New policy related to business receives formal approval from authorities,"New policy related to business receives formal approval from authorities. The information was discussed using publicly available reports and statements. Officials and researchers said that the findings should be interpreted in context and that additional information may be published as the situation develops. The report focuses on evidence, recent observations, and the background surrounding business.",business,2025-03-23,1
Experts discuss recent developments in international during a public briefing,"Experts discuss recent developments in international during a public briefing. The information was discussed using publicly available reports and statements. Officials and researchers said that the findings should be interpreted in context and that additional information may be published as the situation develops. The report focuses on evidence, recent observations, and the background surrounding international.",international,2025-04-24,1
Government agency releases new report on technology after reviewing available evidence,"Government agency releases new report on technology after reviewing available evidence. The information was discussed using publicly available reports and statements. Officials and researchers said that the findings should be interpreted in context and that additional information may be published as the situation develops. The report focuses on evidence, recent observations, and the background surrounding technology.",technology,2025-10-02,1
Public records provide updated information about sports,"Public records provide updated information about sports. The information was discussed using publicly available reports and statements. Officials and researchers said that the findings should be interpreted in context and that additional information may be published as the situation develops. The report focuses on evidence, recent observations, and the background surrounding sports.",sports,2025-11-03,1
Scientists report additional evidence about international following a new study,"Scientists report additional evidence about international following a new study. The information was discussed using publicly available reports and statements. Officials and researchers said that the findings should be interpreted in context and that additional information may be published as the situation develops. The report focuses on evidence, recent observations, and the background surrounding international.",international,2025-12-04,1
Officials announce updated measures related to technology,"Officials announce updated measures related to technology. The information was discussed using publicly available reports and statements. Officials and researchers said that the findings should be interpreted in context and that additional information may be published as the situation develops. The report focuses on evidence, recent observations, and the background surrounding technology.",technology,2025-01-05,1
Officials announce updated measures related to health,"Officials announce updated measures related to health. The information was discussed using publicly available reports and statements. Officials and researchers said that the findings should be interpreted in context and that additional information may be published as the situation develops. The report focuses on evidence, recent observations, and the background surrounding health.",health,2025-03-07,1
Public records provide updated information about technology,"Public records provide updated information about technology. The information was discussed using publicly available reports and statements. Officials and researchers said that the findings should be interpreted in context and that additional information may be published as the situation develops. The report focuses on evidence, recent observations, and the background surrounding technology.",technology,2025-08-12,1
"New data shows changes in education, according to researchers","New data shows changes in education, according to researchers. The information was discussed using publicly available reports and statements. Officials and researchers said that the findings should be interpreted in context and that additional information may be published as the situation develops. The report focuses on evidence, recent observations, and the background surrounding education.",education,2025-01-17,1
Government agency releases new report on sports after reviewing available evidence,"Government agency releases new report on sports after reviewing available evidence. The information was discussed using publicly available reports and statements. Officials and researchers said that the findings should be interpreted in context and that additional information may be published as the situation develops. The report focuses on evidence, recent observations, and the background surrounding sports.",sports,2025-06-22,1
Researchers publish findings on health in a peer-reviewed study,"Researchers publish findings on health in a peer-reviewed study. The information was discussed using publicly available reports and statements. Officials and researchers said that the findings should be interpreted in context and that additional information may be published as the situation develops. The report focuses on evidence, recent observations, and the background surrounding health.",health,2025-08-24,1
University study examines the impact of business on communities,"University study examines the impact of business on communities. The information was discussed using publicly available reports and statements. Officials and researchers said that the findings should be interpreted in context and that additional information may be published as the situation develops. The report focuses on evidence, recent observations, and the background surrounding business.",business,2025-10-10,1
International organization publishes its latest assessment of politics,"International organization publishes its latest assessment of politics. The information was discussed using publicly available reports and statements. Officials and researchers said that the findings should be interpreted in context and that additional information may be published as the situation develops. The report focuses on evidence, recent observations, and the background surrounding politics.",politics,2025-06-18,1
Researchers publish findings on politics in a peer-reviewed study,"Researchers publish findings on politics in a peer-reviewed study. The information was discussed using publicly available reports and statements. Officials and researchers said that the findings should be interpreted in context and that additional information may be published as the situation develops. The report focuses on evidence, recent observations, and the background surrounding politics.",politics,2025-11-23,1
International organization publishes its latest assessment of international,"International organization publishes its latest assessment of international. The information was discussed using publicly available reports and statements. Officials and researchers said that the findings should be interpreted in context and that additional information may be published as the situation develops. The report focuses on evidence, recent observations, and the background surrounding international.",international,2025-08-04,1
Researchers publish findings on business in a peer-reviewed study,"Researchers publish findings on business in a peer-reviewed study. The information was discussed using publicly available reports and statements. Officials and researchers said that the findings should be interpreted in context and that additional information may be published as the situation develops. The report focuses on evidence, recent observations, and the background surrounding business.",business,2025-12-20,1
Officials announce updated measures related to social media,"Officials announce updated measures related to social media. The information was discussed using publicly available reports and statements. Officials and researchers said that the findings should be interpreted in context and that additional information may be published as the situation develops. The report focuses on evidence, recent observations, and the background surrounding social media.",social media,2025-05-25,1
Experts discuss recent developments in education during a public briefing,"Experts discuss recent developments in education during a public briefing. The information was discussed using publicly available reports and statements. Officials and researchers said that the findings should be interpreted in context and that additional information may be published as the situation develops. The report focuses on evidence, recent observations, and the background surrounding education.",education,2025-08-28,1
Experts discuss recent developments in health during a public briefing,"Experts discuss recent developments in health during a public briefing. The information was discussed using publicly available reports and statements. Officials and researchers said that the findings should be interpreted in context and that additional information may be published as the situation develops. The report focuses on evidence, recent observations, and the background surrounding health.",health,2025-05-09,1
Experts discuss recent developments in environment during a public briefing,"Experts discuss recent developments in environment during a public briefing. The information was discussed using publicly available reports and statements. Officials and researchers said that the findings should be interpreted in context and that additional information may be published as the situation develops. The report focuses on evidence, recent observations, and the background surrounding environment.",environment,2025-01-17,1
Public records provide updated information about business,"Public records provide updated information about business. The information was discussed using publicly available reports and statements. Officials and researchers said that the findings should be interpreted in context and that additional information may be published as the situation develops. The report focuses on evidence, recent observations, and the background surrounding business.",business,2025-03-19,1
"New data shows changes in sports, according to researchers","New data shows changes in sports, according to researchers. The information was discussed using publicly available reports and statements. Officials and researchers said that the findings should be interpreted in context and that additional information may be published as the situation develops. The report focuses on evidence, recent observations, and the background surrounding sports.",sports,2025-07-07,1
International organization publishes its latest assessment of education,"International organization publishes its latest assessment of education. The information was discussed using publicly available reports and statements. Officials and researchers said that the findings should be interpreted in context and that additional information may be published as the situation develops. The report focuses on evidence, recent observations, and the background surrounding education.",education,2025-09-05,1
Government agency releases new report on social media after reviewing available evidence,"Government agency releases new report on social media after reviewing available evidence. The information was discussed using publicly available reports and statements. Officials and researchers said that the findings should be interpreted in context and that additional information may be published as the situation develops. The report focuses on evidence, recent observations, and the background surrounding social media.",social media,2025-08-16,1
University study examines the impact of education on communities,"University study examines the impact of education on communities. The information was discussed using publicly available reports and statements. Officials and researchers said that the findings should be interpreted in context and that additional information may be published as the situation develops. The report focuses on evidence, recent observations, and the background surrounding education.",education,2025-06-02,1
Scientists report additional evidence about education following a new study,"Scientists report additional evidence about education following a new study. The information was discussed using publicly available reports and statements. Officials and researchers said that the findings should be interpreted in context and that additional information may be published as the situation develops. The report focuses on evidence, recent observations, and the background surrounding education.",education,2025-10-18,1
Scientists report additional evidence about environment following a new study,"Scientists report additional evidence about environment following a new study. The information was discussed using publicly available reports and statements. Officials and researchers said that the findings should be interpreted in context and that additional information may be published as the situation develops. The report focuses on evidence, recent observations, and the background surrounding environment.",environment,2025-04-04,1
